Date,Name,Year,Letterboxd URI
2025-06-12,Parasite,2019,https://boxd.it/hTha
2025-06-12,Fight Club,1999,https://boxd.it/2a9q
2025-06-12,La La Land,2016,https://boxd.it/a5fa
2025-06-12,Whiplash,2014,https://boxd.it/7bQA
2025-06-12,Pulp Fiction,1994,https://boxd.it/29Pq
2025-06-12,The Truman Show,1998,https://boxd.it/18U8
2025-06-12,Get Out,2017,https://boxd.it/eOCm
2025-06-12,Spider-Man: Into the Spider-Verse,2018,https://boxd.it/azpY
2025-06-12,Midsommar,2019,https://boxd.it/jhxe
2025-06-12,The Batman,2022,https://boxd.it/eDGs
2025-06-12,The Dark Knight,2008,https://boxd.it/2b0k
2025-06-12,Inception,2010,https://boxd.it/1skk
2025-06-12,Knives Out,2019,https://boxd.it/jWEA
2025-06-12,American Psycho,2000,https://boxd.it/28Vs
2025-06-12,Spider-Man: Across the Spider-Verse,2023,https://boxd.it/kSz4
2025-06-12,Spirited Away,2001,https://boxd.it/2b4m
2025-06-12,The Wolf of Wall Street,2013,https://boxd.it/3C1m
2025-06-12,The Grand Budapest Hotel,2014,https://boxd.it/3ZqO
2025-06-12,Se7en,1995,https://boxd.it/29zs
2025-06-12,The Shining,1980,https://boxd.it/29Nu
2025-06-12,Gone Girl,2014,https://boxd.it/6hQu
2025-06-12,Forrest Gump,1994,https://boxd.it/728
2025-06-12,Little Women,2019,https://boxd.it/aSVk
2025-06-12,Spider-Man: No Way Home,2021,https://boxd.it/nwRw
2025-06-12,The Silence of the Lambs,1991,https://boxd.it/2aHW
2025-06-12,The Godfather,1972,https://boxd.it/2aNK
2025-06-12,Shutter Island,2010,https://boxd.it/1U82
2025-06-12,Ratatouille,2007,https://boxd.it/27ww
2025-06-12,Fantastic Mr. Fox,2009,https://boxd.it/1WyQ
2025-06-12,Good Will Hunting,1997,https://boxd.it/2ahY
2025-06-12,Django Unchained,2012,https://boxd.it/2cCk
2025-06-12,The Perks of Being a Wallflower,2012,https://boxd.it/2ZA8
2025-06-12,Avengers: Infinity War,2018,https://boxd.it/9vEe
2025-06-12,Baby Driver,2017,https://boxd.it/bhF2
2025-06-12,Avengers: Endgame,2019,https://boxd.it/9vE4
2025-06-12,Deadpool & Wolverine,2024,https://boxd.it/jq8s
2025-06-12,Hereditary,2018,https://boxd.it/hNVe
2025-06-12,The Matrix,1999,https://boxd.it/2a1m
2025-06-12,The Social Network,2010,https://boxd.it/17ue
2025-06-12,Scott Pilgrim vs. the World,2010,https://boxd.it/1Aq6
2025-06-12,Glass Onion,2022,https://boxd.it/oCkK
2025-06-12,The Shawshank Redemption,1994,https://boxd.it/2aHi
2025-06-12,Inside Out,2015,https://boxd.it/4KHC
2025-06-12,The Lord of the Rings: The Fellowship of the Ring,2001,https://boxd.it/2b5O
2025-06-12,Titanic,1997,https://boxd.it/2a2k
2025-06-12,Coraline,2009,https://boxd.it/1NhQ
2025-06-12,Blade Runner 2049,2017,https://boxd.it/b8wK
2025-06-12,Guardians of the Galaxy,2014,https://boxd.it/3VH2
2025-06-12,The Hunger Games,2012,https://boxd.it/2uds
2025-06-12,Howl's Moving Castle,2004,https://boxd.it/23De
2025-06-12,Harry Potter and the Prisoner of Azkaban,2004,https://boxd.it/29Qy
2025-06-12,Black Panther,2018,https://boxd.it/8MHs
2025-06-12,Up,2009,https://boxd.it/1OEc
2025-06-12,Deadpool,2016,https://boxd.it/9fOC
2025-06-12,Harry Potter and the Philosopher's Stone,2001,https://boxd.it/29QS
2025-06-12,Star Wars,1977,https://boxd.it/72s
2025-06-12,The Devil Wears Prada,2006,https://boxd.it/2awE
2025-06-12,Back to the Future,1985,https://boxd.it/2b8e
2025-06-12,Mad Max: Fury Road,2015,https://boxd.it/2DjO
2025-06-12,WALL·E,2008,https://boxd.it/1VEo
2025-06-12,Don't Look Up,2021,https://boxd.it/o0Hc
2025-06-12,The Lighthouse,2019,https://boxd.it/icFU
2025-06-12,Spider-Man: Homecoming,2017,https://boxd.it/aboM
2025-06-12,Scream,1996,https://boxd.it/24EC
2025-06-12,Shrek,2001,https://boxd.it/29zi
2025-06-12,The Breakfast Club,1985,https://boxd.it/27q4
2025-06-12,Home Alone,1990,https://boxd.it/29Fg
2025-06-12,Requiem for a Dream,2000,https://boxd.it/29VI
2025-06-12,Catch Me If You Can,2002,https://boxd.it/29VS
2025-06-12,The Avengers,2012,https://boxd.it/1xFW
2025-06-12,It,2017,https://boxd.it/bC8e
2025-06-12,My Neighbor Totoro,1988,https://boxd.it/20eA
2025-06-12,Spider-Man,2002,https://boxd.it/2a8i
2025-06-12,Superbad,2007,https://boxd.it/20hO
2025-06-12,The Lord of the Rings: The Return of the King,2003,https://boxd.it/2b5u
2025-06-12,Gladiator,2000,https://boxd.it/2b9m
2025-06-12,Thor: Ragnarok,2017,https://boxd.it/8MHi
2025-06-12,Spider-Man: Far From Home,2019,https://boxd.it/fegG
2025-06-12,Mamma Mia!,2008,https://boxd.it/1Tnq
2025-06-12,Toy Story,1995,https://boxd.it/29qA
2025-06-12,The Lord of the Rings: The Two Towers,2002,https://boxd.it/2b5E
2025-06-12,Harry Potter and the Goblet of Fire,2005,https://boxd.it/29Qo
2025-06-12,Iron Man,2008,https://boxd.it/28dA
2025-06-12,The Incredibles,2004,https://boxd.it/1XLm
2025-06-12,Finding Nemo,2003,https://boxd.it/72i
2025-06-12,Harry Potter and the Chamber of Secrets,2002,https://boxd.it/29QI
2025-06-12,"Monsters, Inc.",2001,https://boxd.it/2a46
2025-06-12,Tangled,2010,https://boxd.it/15gO
2025-06-12,A Clockwork Orange,1971,https://boxd.it/2aVE
2025-06-12,Spider-Man 2,2004,https://boxd.it/2a88
2025-06-12,Princess Mononoke,1997,https://boxd.it/2b4w
2025-06-12,Guardians of the Galaxy Vol. 2,2017,https://boxd.it/8MxC
2025-06-12,Captain America: Civil War,2016,https://boxd.it/89Ja
2025-06-12,Schindler's List,1993,https://boxd.it/2aq2
2025-06-12,The Dark Knight Rises,2012,https://boxd.it/H3m
2025-06-12,Psycho,1960,https://boxd.it/2ab2
2025-06-12,The Witch,2015,https://boxd.it/9X0m
2025-06-12,Harry Potter and the Deathly Hallows: Part 2,2011,https://boxd.it/1RYk
2025-06-12,The Lion King,1994,https://boxd.it/201Q
2025-06-12,The Nightmare Before Christmas,1993,https://boxd.it/1YzQ
2025-06-12,12 Angry Men,1957,https://boxd.it/2auI
2025-06-12,Shrek 2,2004,https://boxd.it/29z8
2025-06-12,Harry Potter and the Order of the Phoenix,2007,https://boxd.it/29Qe
2025-06-12,Captain America: The Winter Soldier,2014,https://boxd.it/3r58
2025-06-12,Doctor Strange,2016,https://boxd.it/8MH8
2025-06-12,Gladiator II,2024,https://boxd.it/kqQQ
2025-06-12,Harry Potter and the Half-Blood Prince,2009,https://boxd.it/29FU
2025-06-12,Jaws,1975,https://boxd.it/2a5e
2025-06-12,Edward Scissorhands,1990,https://boxd.it/2aZc
2025-06-12,There Will Be Blood,2007,https://boxd.it/20Z2
2025-06-12,Eyes Wide Shut,1999,https://boxd.it/2axs
2025-06-12,Harry Potter and the Deathly Hallows: Part 1,2010,https://boxd.it/1RYu
2025-06-12,The Lobster,2015,https://boxd.it/7tnw
2025-06-12,Avengers: Age of Ultron,2015,https://boxd.it/3qi6
2025-06-12,Fargo,1996,https://boxd.it/2aHM
2025-06-12,The Godfather Part II,1974,https://boxd.it/2aNq
2025-06-12,Deadpool 2,2018,https://boxd.it/dlLM
2025-06-12,A Complete Unknown,2024,https://boxd.it/oBYa
2025-06-12,The Amazing Spider-Man,2012,https://boxd.it/27PI
2025-06-12,The Big Lebowski,1998,https://boxd.it/2b6C
2025-06-12,Captain America: The First Avenger,2011,https://boxd.it/28b0
2025-06-12,The Great Gatsby,2013,https://boxd.it/JY
2025-06-12,The Hangover,2009,https://boxd.it/1GjK
2025-06-12,The Conjuring,2013,https://boxd.it/4sr2
2025-06-12,Five Nights at Freddy's,2023,https://boxd.it/ikHu
2025-06-12,Zootopia,2016,https://boxd.it/84xS
2025-06-12,Captain Marvel,2019,https://boxd.it/9vSA
2025-06-12,Ant-Man,2015,https://boxd.it/3vmW
2025-06-12,La Haine,1995,https://boxd.it/2as8
2025-06-12,Toy Story 3,2010,https://boxd.it/1WRe
2025-06-12,Charlie and the Chocolate Factory,2005,https://boxd.it/2b68
2025-06-12,Frozen,2013,https://boxd.it/3GNa
2025-06-12,Big Hero 6,2014,https://boxd.it/5rje
2025-06-12,Spider-Man 3,2007,https://boxd.it/2a7Y
2025-06-12,Iron Man 2,2010,https://boxd.it/1WZM
2025-06-12,Iron Man 3,2013,https://boxd.it/2cBQ
2025-06-12,The Green Mile,1999,https://boxd.it/2agG
2025-06-12,Toy Story 2,1999,https://boxd.it/29qq
2025-06-12,Thor,2011,https://boxd.it/1WQU
2025-06-12,Suicide Squad,2016,https://boxd.it/9row
2025-06-12,Kung Fu Panda,2008,https://boxd.it/1Yws
2025-06-12,Halloween,1978,https://boxd.it/2wRu
2025-06-12,One Flew Over the Cuckoo's Nest,1975,https://boxd.it/2aeA
2025-06-12,Pretty Woman,1990,https://boxd.it/2b6M
2025-06-12,The Amazing Spider-Man 2,2014,https://boxd.it/3utM
2025-06-12,The Exorcist,1973,https://boxd.it/1Yoo
2025-06-12,Venom,2018,https://boxd.it/b8wA
2025-06-12,The Lego Movie,2014,https://boxd.it/4pDO
2025-06-12,The Big Short,2015,https://boxd.it/ajZw
2025-06-12,Green Book,2018,https://boxd.it/hErk
2025-06-12,Saw,2004,https://boxd.it/2aWW
2025-06-12,School of Rock,2003,https://boxd.it/28xK
2025-06-12,21 Jump Street,2012,https://boxd.it/J0
2025-06-12,It Chapter Two,2019,https://boxd.it/h10u
2025-06-12,Frances Ha,2012,https://boxd.it/41Xg
2025-06-12,Zombieland,2009,https://boxd.it/1En6
2025-06-12,The Maze Runner,2014,https://boxd.it/5YPM
2025-06-12,Thor: The Dark World,2013,https://boxd.it/2DqA
2025-06-12,Alice in Wonderland,2010,https://boxd.it/1Spq
2025-06-12,Wonder Woman,2017,https://boxd.it/9roG
2025-06-12,Brave,2012,https://boxd.it/bVG
2025-06-12,Now You See Me,2013,https://boxd.it/2Bsu
2025-06-12,V for Vendetta,2005,https://boxd.it/29Ik
2025-06-12,Wreck-It Ralph,2012,https://boxd.it/2TTS
2025-06-12,The Blair Witch Project,1999,https://boxd.it/26ua
2025-06-12,Rocky,1976,https://boxd.it/28Uk
2025-06-12,Back to the Future Part II,1989,https://boxd.it/2aYI
2025-06-12,Despicable Me,2010,https://boxd.it/1DD8
2025-06-12,Groundhog Day,1993,https://boxd.it/2b3e
2025-06-12,Dungeons & Dragons: Honor Among Thieves,2023,https://boxd.it/hN1A
2025-06-12,Ghostbusters,1984,https://boxd.it/g2w
2025-06-12,Monsters University,2013,https://boxd.it/bQm
2025-06-12,Skyfall,2012,https://boxd.it/17Fc
2025-06-12,The Pursuit of Happyness,2006,https://boxd.it/28PE
2025-06-12,Possession,1981,https://boxd.it/1BPm
2025-06-12,Finding Dory,2016,https://boxd.it/4aAA
2025-06-12,The Hobbit: An Unexpected Journey,2012,https://boxd.it/GZk
2025-06-12,The Emperor's New Groove,2000,https://boxd.it/1Tey
2025-06-12,Ice Age,2002,https://boxd.it/2apS
2025-06-12,Madagascar,2005,https://boxd.it/29dc
2025-06-12,Paprika,2006,https://boxd.it/23wW
2025-06-12,Ted,2012,https://boxd.it/2pgc
2025-06-12,Venom: Let There Be Carnage,2021,https://boxd.it/llco
2025-06-12,Moneyball,2011,https://boxd.it/glS
2025-06-12,The Talented Mr. Ripley,1999,https://boxd.it/2924
2025-06-12,Batman v Superman: Dawn of Justice,2016,https://boxd.it/6fBW
2025-06-12,Scream 2,1997,https://boxd.it/24Es
2025-06-12,Borat: Cultural Learnings of America for Make Benefit Glorious Nation of Kazakhstan,2006,https://boxd.it/2agQ
2025-06-12,Frozen II,2019,https://boxd.it/aPvo
2025-06-12,The Polar Express,2004,https://boxd.it/23am
2025-06-12,Monty Python and the Holy Grail,1975,https://boxd.it/29GI
2025-06-12,Rango,2011,https://boxd.it/QPk
2025-06-12,The Hobbit: The Desolation of Smaug,2013,https://boxd.it/nmS
2025-06-12,The Wonderful Story of Henry Sugar,2023,https://boxd.it/yNyo
2025-06-12,The Mask,1994,https://boxd.it/29rS
2025-06-12,The Game,1997,https://boxd.it/26vC
2025-06-12,Mamma Mia! Here We Go Again,2018,https://boxd.it/gnfO
2025-06-12,Shazam!,2019,https://boxd.it/8WBu
2025-06-12,Cars 2,2011,https://boxd.it/H4Y
2025-06-12,Project X,2012,https://boxd.it/neO
2025-06-12,The Conjuring 2,2016,https://boxd.it/7GJg
2025-06-12,Shrek the Third,2007,https://boxd.it/29yY
2025-06-12,Scooby-Doo,2002,https://boxd.it/1YaQ
2025-06-12,The Incredible Hulk,2008,https://boxd.it/28dU
2025-06-12,The Hobbit: The Battle of the Five Armies,2014,https://boxd.it/43aU
2025-06-12,Back to the Future Part III,1990,https://boxd.it/2aTS
2025-06-12,El Camino: A Breaking Bad Movie,2019,https://boxd.it/kv0q
2025-06-12,Fear Street: 1994,2021,https://boxd.it/lLBk
2025-06-12,Grown Ups,2010,https://boxd.it/169a
2025-06-12,Scary Movie,2000,https://boxd.it/24CG
2025-06-12,22 Jump Street,2014,https://boxd.it/5Fvy
2025-06-12,Insidious,2010,https://boxd.it/H4k
2025-06-12,Sinister,2012,https://boxd.it/2TnW
2025-06-12,The Matrix Reloaded,2003,https://boxd.it/2a1c
2025-06-12,The Goonies,1985,https://boxd.it/1YVC
2025-06-12,Airplane!,1980,https://boxd.it/29yu
2025-06-12,We're the Millers,2013,https://boxd.it/4srQ
2025-06-12,Kung Fu Panda 2,2011,https://boxd.it/G36
2025-06-12,Zack Snyder's Justice League,2021,https://boxd.it/tLOk
2025-06-12,Watchmen,2009,https://boxd.it/1QE4
2025-06-12,Cloudy with a Chance of Meatballs,2009,https://boxd.it/1A40
2025-06-12,Sonic the Hedgehog,2020,https://boxd.it/gdK8
2025-06-12,Dogtooth,2009,https://boxd.it/158K
2025-06-12,Despicable Me 2,2013,https://boxd.it/3gg0
2025-06-12,The House That Jack Built,2018,https://boxd.it/dWO4
2025-06-12,Scream 3,2000,https://boxd.it/24Ei
2025-06-12,The Purge,2013,https://boxd.it/4Xg0
2025-06-12,"O Brother, Where Art Thou?",2000,https://boxd.it/2b3I
2025-06-12,Sweeney Todd: The Demon Barber of Fleet Street,2007,https://boxd.it/1PcS
2025-06-12,8 Mile,2002,https://boxd.it/2bew
2025-06-12,Fear and Loathing in Las Vegas,1998,https://boxd.it/27Xs
2025-06-12,Twelve Monkeys,1995,https://boxd.it/2beQ
2025-06-12,Sherlock Holmes,2009,https://boxd.it/1W2A
2025-06-12,The SpongeBob SquarePants Movie,2004,https://boxd.it/1SYq
2025-06-12,Gangs of New York,2002,https://boxd.it/25FG
2025-06-12,Pokémon Detective Pikachu,2019,https://boxd.it/fVA0
2025-06-12,Hotel Transylvania,2012,https://boxd.it/2DF6
2025-06-12,The Hangover Part II,2011,https://boxd.it/PZI
2025-06-12,300,2006,https://boxd.it/28XI
2025-06-12,Saw X,2023,https://boxd.it/zUWk
2025-06-12,The Godfather Part III,1990,https://boxd.it/2aN6
2025-06-12,Halloween,2018,https://boxd.it/f0uE
2025-06-12,Minions,2015,https://boxd.it/6jCO
2025-06-12,The Trial of the Chicago 7,2020,https://boxd.it/kn3w
2025-06-12,Saw II,2005,https://boxd.it/2aRs
2025-06-12,Sleepy Hollow,1999,https://boxd.it/26u0
2025-06-12,Now You See Me 2,2016,https://boxd.it/99fw
2025-06-12,Black Adam,2022,https://boxd.it/fup0
2025-06-12,Bolt,2008,https://boxd.it/1QXg
2025-06-12,The Karate Kid,1984,https://boxd.it/27Wk
2025-06-12,Shrek Forever After,2010,https://boxd.it/1WRo
2025-06-12,American Sniper,2014,https://boxd.it/5LDy
2025-06-12,Shark Tale,2004,https://boxd.it/1VYe
2025-06-12,Chicken Run,2000,https://boxd.it/20Xg
2025-06-12,The Intern,2015,https://boxd.it/7AOE
2025-06-12,The Nun,2018,https://boxd.it/fBkw
2025-06-12,The Lorax,2012,https://boxd.it/2w9M
2025-06-12,The Wicker Man,1973,https://boxd.it/1KnG
2025-06-12,The Ballad of Buster Scruggs,2018,https://boxd.it/jB2q
2025-06-12,Scent of a Woman,1992,https://boxd.it/1YAu
2025-06-12,Cars 3,2017,https://boxd.it/7IPq
2025-06-12,The Da Vinci Code,2006,https://boxd.it/2a3i
2025-06-12,The Devil's Advocate,1997,https://boxd.it/286k
2025-06-12,Life of Brian,1979,https://boxd.it/2a4q
2025-06-12,Kung Fu Panda 3,2016,https://boxd.it/4uRQ
2025-06-12,American Pie,1999,https://boxd.it/27qy
2025-06-12,Space Jam,1996,https://boxd.it/26YO
2025-06-12,Madagascar: Escape 2 Africa,2008,https://boxd.it/1W2K
2025-06-12,Chicken Little,2005,https://boxd.it/1Xnu
2025-06-12,Ice Age: The Meltdown,2006,https://boxd.it/2wRk
2025-06-12,Paranormal Activity,2007,https://boxd.it/1yIM
2025-06-12,Alvin and the Chipmunks,2007,https://boxd.it/21E0
2025-06-12,Antichrist,2009,https://boxd.it/1Inu
2025-06-12,Saw III,2006,https://boxd.it/2aRC
2025-06-12,Liar Liar,1997,https://boxd.it/28sg
2025-06-12,The Founder,2016,https://boxd.it/9XwM
2025-06-12,Black Mirror: Bandersnatch,2018,https://boxd.it/kTDG
2025-06-12,Annabelle,2014,https://boxd.it/7l84
2025-06-12,Hannibal,2001,https://boxd.it/1XVc
2025-06-12,The Adventures of Tintin,2011,https://boxd.it/1Irc
2025-06-12,Captain Phillips,2013,https://boxd.it/3GPK
2025-06-12,Straight Outta Compton,2015,https://boxd.it/8rMc
2025-06-12,The Hangover Part III,2013,https://boxd.it/3GNY
2025-06-12,Diary of a Wimpy Kid,2010,https://boxd.it/1fUa
2025-06-12,The Babysitter,2017,https://boxd.it/eP1w
2025-06-12,Grown Ups 2,2013,https://boxd.it/3GAq
2025-06-12,Pixels,2015,https://boxd.it/7BaA
2025-06-12,Ted 2,2015,https://boxd.it/6oCY
2025-06-12,Kramer vs. Kramer,1979,https://boxd.it/h0w
2025-06-12,Rocky II,1979,https://boxd.it/28Ua
2025-06-12,Poison,2023,https://boxd.it/Is7Q
2025-06-12,Isle of Dogs,2018,https://boxd.it/dZrW
2025-06-12,Fear Street: 1666,2021,https://boxd.it/lLBE
2025-06-12,Fear Street: 1978,2021,https://boxd.it/lLBu
2025-06-12,The Rat Catcher,2023,https://boxd.it/Is8a
2025-06-12,Not Another Teen Movie,2001,https://boxd.it/1TWq
2025-06-12,The Pale Blue Eye,2022,https://boxd.it/u8tk
2025-06-12,Big Time Adolescence,2019,https://boxd.it/jFke
2025-06-12,Apostle,2018,https://boxd.it/f0so
2025-06-12,Night Teeth,2021,https://boxd.it/oW5K
2025-06-12,The Purge: Anarchy,2014,https://boxd.it/71zk
2025-06-12,The Purge: Election Year,2016,https://boxd.it/ae5I
2025-06-12,The Rite,2011,https://boxd.it/J7q
2025-06-12,The Power of the Dog,2021,https://boxd.it/m99E
2025-06-12,Buster's Mal Heart,2016,https://boxd.it/cIAg
2025-06-12,In Time,2011,https://boxd.it/FPS
2025-06-12,Unfaithful,2002,https://boxd.it/275A
2025-06-12,Gerald's Game,2017,https://boxd.it/buKa
2025-06-12,Neighbors,2014,https://boxd.it/5Txe
2025-06-12,EuroTrip,2004,https://boxd.it/1YTQ
2025-06-12,The Ninth Gate,1999,https://boxd.it/29YM
2025-06-12,Biggie: I Got a Story to Tell,2021,https://boxd.it/tZR8
2025-06-12,Rolling Thunder Revue: A Bob Dylan Story by Martin Scorsese,2019,https://boxd.it/l5DI
2025-06-12,Freedom Writers,2007,https://boxd.it/28p2
2025-06-12,Angels & Demons,2009,https://boxd.it/1Q9K
2025-06-12,Inferno,2016,https://boxd.it/6dMS
2025-06-12,Scary Movie 2,2001,https://boxd.it/24Cw
2025-06-12,Scary Movie 3,2003,https://boxd.it/24Be
2025-06-12,Bright,2017,https://boxd.it/e1H8
2025-06-12,Clerks,1994,https://boxd.it/2706
2025-06-12,Wild Strawberries,1957,https://boxd.it/29ZU
2025-06-12,Dead Ringers,1988,https://boxd.it/1Yqk
2025-06-12,The Doom Generation,1995,https://boxd.it/1PVe
2025-06-12,Margin Call,2011,https://boxd.it/CJ8
2025-06-12,The Passion of the Christ,2004,https://boxd.it/29ZK
2025-06-12,Escape from Alcatraz,1979,https://boxd.it/1Vwk
2025-06-12,American Made,2017,https://boxd.it/bb66
2025-06-12,The Substance,2024,https://boxd.it/zanS
2025-06-12,Suspiria,1977,https://boxd.it/1SNW
2025-06-12,Diary of a Wimpy Kid: Dog Days,2012,https://boxd.it/2TG0
2025-06-12,A Goofy Movie,1995,https://boxd.it/1Lwu
2025-06-12,The Sandlot,1993,https://boxd.it/1TDy
2025-06-12,The Dictator,2012,https://boxd.it/2DEW
2025-06-12,Madagascar 3: Europe's Most Wanted,2012,https://boxd.it/2NF6
2025-06-12,Tinker Bell,2008,https://boxd.it/1QEy
2025-06-12,Stitch! The Movie,2003,https://boxd.it/1LYo
2025-06-12,Inside Llewyn Davis,2013,https://boxd.it/34Ro
2025-06-13,Interstellar,2014,https://boxd.it/4VZ8
2025-06-14,The Hunchback of Notre Dame,1996,https://boxd.it/1VZQ
2025-06-14,Tarzan,1999,https://boxd.it/18YO
